OrderID,ProductID,ProductName,UnitPrice,Quantity,Discount,CustomerID,SaleDate,Salesperson,Region
ORD00076,PRD991,"Smartwatch, Camera, Headphones",154.88971109205679,8,0.15,CUST7975,2022-03-31 00:00:00,,North
ORD00491,PRD400,Laptop,free,19,0.2,CUST6889,2021-01-06 00:00:00,Charlie,North
ORD00369,PRD957,Camera,770.6350827794904,16,0.05,CUST4092,Unknown,Alice,West
ORD00490,PRD232,,82.95197721398569,1,0.15,CUST2238,2023-08-14 00:00:00,Charlie,North
ORD00228,PRD123,Laptop,250.42946041877397,11,0.2,CUST8442,2020-08-15 00:00:00,Evan,North
ORD00216,PRD720,Headphones,604.8690048155798,6,0.05,CUST8821,2021-08-21 00:00:00,Alice,Central
ORD00337,PRD996,Smartwatch,1144.3932606296573,14,0.15,CUST3233,2022-12-21 00:00:00,Daina,South
ORD00395#,PRD942,Laptop,-,5,0.0,CUST5342,2022-01-02 00:00:00,Charlie,Central
ORD00418,PRD563,Laptpo,Ask,11,0.15,CUST9770,2023-07-31 00:00:00,Charlie,East
ORD00066,PRD101#,Smartwatch,342.3513003762941,11,0.2,CUST7902,2022-05-22 00:00:00,Charlie,North
ORD00155,PRD693,Camera,N/A,5,0.2,CUST7607,2023-11-21 00:00:00,Eavn,West
ORD00209,PRD222,Smartphone,363.96021173150785,-999,0.15,CUST6585,2023-12-30 00:00:00,Diana,West
ORD00180,PRD325,"Laptop, Smartwatch, Laptop, Laptop",1241.459633103087,17,0.15,CUST6229,2021-07-31 00:00:00,Alice,West
ORD00339,PRD681,Camera,463.19610789247537,3,0.15,,2022-03-26 00:00:00,Diana,East
ORD00397,PRD641*,Laptop,1155.4109944176134,13,0.05,CUST6358,2022-11-30 00:00:00,Alice,West
ORD00089,PRD427,"Smartwatch, Smartphone, Smartphone",Ask,19,0.2,CUST7686,2020-06-16 00:00:00,Eavn,West
ORD00019,PRD388,Laptop,320.79600935604225,7,0.15,CUST8076,2022-04-22 00:00:00,Bob,East
ORD00210,PRD500,Laptop,681.0591102091945,3,0.2,CUST5411,2021-01-06 00:00:00,Charlie,North
ORD00069,PRD947!,Smartphone,502.7365390174522,13,0.05,CUST3070,2020-05-08 00:00:00,Evan,East
ORD00166,PRD727,Camera,569.9904748003091,6,0.05,CUST3427,2023-09-27 00:00:00,Diana,Central
ORD00047,PRD665,Headphones,1190.6850510852755,12,0.15,CUST6435,2021-04-24 00:00:00,Alice,East
ORD00140,PRD799,Smartwatch,1224.1358013635368,12,0.05,CUST2411,2023-06-19 00:00:00,Charlie,Central
ORD00426#,PRD633,"Smartwatch, Smartwatch, Laptop",1158.8605796663376,15,0.2,CUST4817,2023-08-08 00:00:00,Alice,Central
ORD00116,PRD347*,Headphones,410.7218587114946,7,0.0,,2023-08-11 00:00:00,Bob,South
ORD00115,PRD689,Camera,1112.6832589600729,17,0.05,,2021-06-20 00:00:00,Charlie,North
ORD00106!,PRD660,,480.1298143515237,13,0.2,,2022-07-20 00:00:00,Bob,West
ORD00440,PRD797,Smartwatch,113.03327377188972,11,0.0,CUST2632,2022-09-17 00:00:00,Eavn,South
ORD00495,PRD345,Camera,650.0626209066792,15,0.15,CUST9543,2020-08-07 00:00:00,Alice,North
ORD00280,PRD519,"Smartphone, Smartphone, Camera",99.69663931566448,8,0.0,CUST4227,2020-05-29 00:00:00,Diana,South
ORD00091,PRD620,Laptop,669.056601901101,999,0.2,CUST8886,2023-11-21 00:00:00,Evan,South
ORD00354,PRD165,"Smartwatch, Headphones, Laptop, Smartwatch",N/A,1,0.15,CUST7851,2020-05-29 00:00:00,Evan,North
ORD00062,PRD944,Headphones,584.6209825289855,6,0.2,CUST9395,2022-03-28 00:00:00,Alice,East
ORD00315,PRD735,Camera,254.1001761292964,4,0.1,CUST2564,2021-12-20 00:00:00,,West
ORD00389,PRD103,Camera,free,7,0.05,CUST7923,2021-07-21 00:00:00,Diana,North
ORD00003,PRD876,"Smartwatch, Headphones",Check,3,0.1,CUST4548,2020-03-29 00:00:00,Charlie,West
ORD00465,PRD701,Camera,1235.8102051375683,20,0.15,,2021-02-11 00:00:00,Diana,South
ORD00391,PRD114,Smartwatch,1171.5449747922758,12,0.05,CUST9784,2023-03-29 00:00:00,Bob,Central
ORD00183,PRD274,Laptop,135.81144364596855,9,0.2,CUST6656,2023-11-02 00:00:00,Diana,South
ORD00381,PRD957,Laptop,1219.8947096239908,-999,0.2,CUST3870,2021-05-05 00:00:00,Alice,South
ORD00124#,PRD772,Smartwatch,Free,4,0.1,CUST1844,2023-03-22 00:00:00,Evan,Central
ORD00324,PRD182,"Camera, Smartwatch, Laptop, Laptop",1133.5588286646343,8,0.05,CUST3600,2022-02-23 00:00:00,Charlie,East
ORD00233,PRD955,Camra,528.5739596501116,11,0.0,CUST8044,2022-08-12 00:00:00,Alice,East
ORD00463,PRD312,Headphones,99.00376311805849,5,0.1,,2022-08-04 00:00:00,Bob,East
ORD00097,PRD823,,free,17,0.2,CUST4688,2023-01-26 00:00:00,Diana,South
ORD00024,PRD918,Smartwatch,938.1347844422831,4,0.05,CUST9711,TBD,Alice,East
ORD00463,PRD312,"Headphones, Headphones, Smartphone, Smartphone",99.00376311805849,5,0.1,,2022-08-04 00:00:00,Bob,East
ORD00075,PRD820,Laptop,1404.566017168477,6,0.15,CUST2638,2023-03-14 00:00:00,Bob,South
ORD00032,PRD201,"Laptop, Smartwatch",798.3802323428018,11,0.0,CUST3929,2020-03-11 00:00:00,Diana,East
ORD00444,PRD475,Laptop,1427.034079740353,0,0.1,CUST9516,2022-05-26 00:00:00,Chalrie,South
ORD00028,PRD929,Laptop,1322.3133081963656,6,0.05,CUST7290,2023-03-07 00:00:00,,West
ORD00298,PRD443*,"Laptop, Smartwatch, Headphones",1037.9208972281508,-5,0.15,CUST6060,Unknown,Bob,South
ORD00475,PRD835,Laptop,856.0841372824354,3,0.05,CUST4769,2021-10-06 00:00:00,Charlie,Central
ORD00011,PRD949,Camera,Check,10,0.1,CUST3743,2022-11-02 00:00:00,Evan,East
ORD00473,PRD908,Laptop,1000.0505845663738,20,0.05,CUST7071,2022-10-02 00:00:00,Alice,South
ORD00048,PRD588,Smartwatch,1036.7307940285014,-4,0.05,CUST4097,2021-05-23 00:00:00,Evan,South
ORD00022,PRD197,"Smartphone, Headphones, Camera, Headphones",N/A,12,0.15,CUST3821,2022-05-10 00:00:00,Diana,Central
ORD00498,PRD283,Camera,614.7967347646075,17,0.05,CUST7467,2023-02-14 00:00:00,Charlie,South
ORD00240,PRD458,Laptop,1192.1380185752982,10,0.1,CUST7242,Unknown,,West
ORD00486,PRD396,Smartphone,1481.5076371275131,13,0.1,CUST2896,2022-07-13 00:00:00,Bob,West
ORD00142,PRD957,"Laptop, Laptop, Smartphone, Headphones",525.4328245828412,1,0.0,CUST4393,2021-11-19 00:00:00,Diana,South
ORD00246,PRD140,Laptop,949.739750931941,17,0.1,CUST9789,2020-02-18 00:00:00,Alice,West
ORD00287,PRD497,"Laptop, Smartphone, Headphones, Smartphone",817.4444019688551,1,0.0,CUST8969,2020-08-28 00:00:00,Bob,East
ORD00118,PRD288,"Smartphone, Laptop, Smartwatch, Smartwatch",-,13,0.15,CUST5715,2020-03-09 00:00:00,Alice,South
ORD00483,PRD267,Laptop,Free,1,0.2,CUST9473,N/A,Bob,South
ORD00416,PRD122,Smartwatch,-,8,0.05,CUST2437,N/A,Bob,North
ORD00303,PRD238,Smartphone,1133.72262037632,2,0.0,CUST4610,2020-02-07 00:00:00,,North
ORD00039,PRD673,Laptpo,1070.9693852044347,18,0.1,CUST1887,2022-02-15 00:00:00,Diana,South
ORD00417,PRD381,"Headphones, Camera, Smartphone, Headphones",Check,6,0.15,CUST2598,2023-01-13 00:00:00,Diana,East
ORD00449,PRD867,Smartphone,N/A,9,0.05,,2021-09-19 00:00:00,Evan,East
ORD00234,PRD366,Laptop,1268.1980069799026,17,0.05,CUST3360,2023-12-01 00:00:00,Bob,Central
ORD00457,PRD755,Camera,N/A,8,0.1,CUST9486,N/A,,West
ORD00403,PRD764,Camera,105.70499706938384,12,0.15,CUST7290,2022-04-22 00:00:00,Diana,East
ORD00010,PRD902,Camera,Ask,9,0.2,CUST1338,2020-08-16 00:00:00,Bob,South
ORD00484,PRD253,"Headphones, Smartphone, Headphones, Smartphone",1258.5892397775865,14,0.2,CUST7064,2021-06-12 00:00:00,Evan,West
ORD00431,PRD217,,493.84188832091854,17,0.2,,2020-01-25 00:00:00,Alice,West
ORD00253,PRD467,Headphones,89.53741831599201,1,0.15,CUST4990,2020-10-06 00:00:00,Charlie,South
ORD00139,PRD653,Smartwatch,298.504445322361,17,0.2,CUST2025,2022-09-17 00:00:00,Diana,West
ORD00043,PRD423,Camera,Check,17,0.15,CUST9232,2021-02-26 00:00:00,Evan,North
ORD00178,PRD219,Camera,926.2436898998068,12,0.1,,N/A,Bob,West
ORD00177,PRD377,"Smartwach, Camera, Smartphone",425.7795341260299,-5,0.2,,2022-06-15 00:00:00,,Central
ORD00117,PRD397,"Smartphone, Smartphone, Smartphone, Camera",462.6076268083847,18,0.2,CUST8693,2020-05-26 00:00:00,Diana,East
ORD00346,PRD681,"Camera, Smartphone, Laptop",1485.6309864393068,12,0.15,CUST5437,Unknown,Diana,West
ORD00135,PRD962,Smratphone,Ask,19,0.0,CUST1105,TBD,Diana,West
ORD00479,PRD735,Headphones,-,8,0.2,CUST1292,2020-05-07 00:00:00,Evan,Central
ORD00046,PRD309,Smartphone,253.5901341017388,11,0.15,CUST6084,2022-05-17 00:00:00,Bob,North
ORD00235,PRD171,"Smartphone, Laptop, Smartwatch, Smartphone",1239.9548557072658,11,0.15,CUST9395,2020-07-12 00:00:00,Ailce,East
ORD00011,PRD949,"Camera, Smartwatch, Smartwatch",Check,10,0.1,CUST3743,2022-11-02 00:00:00,Evan,East
ORD00198,PRD647,Camera,free,12,0.2,,2023-11-17 00:00:00,Alice,East
ORD00267,PRD965,"Smartwatch, Camera, Headphones, Camera",1355.7854039067788,3,0.1,CUST9138,2022-07-12 00:00:00,Bbo,East
ORD00083,PRD245,Camera,221.27927261697369,19,0.0,CUST2224,2021-08-13 00:00:00,Alice,Central
ORD00057,PRD195,Camera,518.2470159758378,11,0.1,CUST5416,2020-06-11 00:00:00,,Central
ORD00460,PRD992,Camera,105.97165649525036,13,0.15,CUST3348,2020-09-03 00:00:00,Bob,West
ORD00120,PRD941,,1125.7862554975595,5,0.1,CUST5140,2023-03-27 00:00:00,Diana,East
ORD00358,PRD557,"Camera, Headphones, Headphones, Laptop",N/A,20,0.15,CUST9823,2021-04-10 00:00:00,Charlie,North
ORD00204,PRD750,Smartphone,146.49039164474175,6,0.15,,2020-06-30 00:00:00,,East
ORD00429,PRD760,Smartwatch,-,8,0.0,,2021-06-02 00:00:00,,West
ORD00147,PRD931,Smartwatch,1464.847040223398,9,0.15,CUST8709,2023-08-18 00:00:00,Daina,North
ORD00099,PRD660,Smartwatch,1404.9682882469158,2,0.2,CUST4428,2021-02-11 00:00:00,Evan,West
ORD00138,PRD949,Camera,465.90501959612646,9,0.15,CUST6411,2022-03-16 00:00:00,Diana,North
ORD00207,PRD950,Laptop,Free,19,0.0,CUST6992,2021-01-12 00:00:00,Charlie,North
ORD00435,PRD971,Camera,747.2946537487499,11,0.15,,2022-10-26 00:00:00,Alice,Central
ORD00489,PRD661,Headphones,509.4927265644182,9,0.1,CUST6246,2022-02-10 00:00:00,Charlie,South
ORD00425,PRD769,,1477.2530126540507,17,0.05,CUST4301,2021-11-15 00:00:00,Alice,West
ORD00308,PRD724,Headphones,576.629958094853,-11,0.1,CUST1287,2021-02-24 00:00:00,Bob,West
ORD00189,PRD901,Laptop,1102.4071228255762,2,0.2,CUST6607,2023-06-22 00:00:00,Charlie,South
ORD00031#,PRD417,Laptop,966.2251760092922,1,0.15,CUST4022,2023-02-14 00:00:00,Alice,North
ORD00334,PRD558#,"Smartphone, Smartwatch",780.6886361285095,16,0.1,CUST5445,2021-01-04 00:00:00,Alice,South
ORD00286,PRD465,"Smartphone, Smartwatch, Smartwatch, Headphones",350.29206466500534,6,0.2,,2021-02-25 00:00:00,Charlie,East
ORD00113,PRD494,"Headphones, Headphones, Camera",1186.0657720436502,5,0.15,CUST3082,2020-02-26 00:00:00,Charlie,East
ORD00257,PRD683,,474.46511331115573,4,0.1,CUST9790,2021-04-20 00:00:00,Evan,West
ORD00154,PRD529,Camera,1058.763169910721,2,0.05,CUST7286,2023-05-30 00:00:00,Diana,West
ORD00023,PRD733,Smartphone,N/A,4,0.15,CUST1233,2020-01-09 00:00:00,Bob,South
ORD00200,PRD796,Headphones,85.61878278946259,0,0.15,CUST1397,2022-05-13 00:00:00,Alice,Central
ORD00244,PRD615,Camera,1395.091673387319,13,0.15,CUST5176,2020-07-21 00:00:00,Evan,East
ORD00412,PRD974,"Laptop, Smartwatch, Smartphone, Laptop",N/A,4,0.2,CUST4442,2021-06-13 00:00:00,Diana,Central
ORD00400,PRD295*,Camera,957.1816118505659,16,0.05,CUST1839,2021-06-08 00:00:00,Bob,Central
ORD00107,PRD701,"Smartwatch, Camera, Laptop, Camera",690.5862681221323,1,0.05,CUST7630,2021-03-31 00:00:00,Charlie,South
ORD00271,PRD356,"Smartphone, Camera, Smartphone, Laptop",877.2239815483866,12,0.2,CUST5479,2023-08-06 00:00:00,Charlie,North
ORD00132,PRD997,Smartphone,1256.109835261663,8,0.0,CUST3205,2021-04-24 00:00:00,Alice,East
ORD00080,PRD327,Camera,1223.053894173907,14,0.05,CUST6827,2022-05-12 00:00:00,,Central
ORD00148,PRD341,Headphones,790.1880509203786,2,0.2,CUST9776,2022-07-27 00:00:00,Alice,West
ORD00020#,PRD243,Headphones,132.63619599928,13,0.0,CUST2889,2020-05-13 00:00:00,Diana,South
ORD00419,PRD919,Smartwatch,Check,16,0.1,,2020-06-06 00:00:00,,South
ORD00111,PRD710,"Smartphone, Laptop, Smartwatch, Smartphone",386.0924193561801,11,0.05,CUST9886,2020-05-15 00:00:00,Daina,Central
ORD00226,PRD162,Smartphone,N/A,20,0.05,CUST4490,2020-03-17 00:00:00,Bbo,North
ORD00453,PRD606#,"Camera, Headphones, Laptop, Camera",418.1288520572917,4,0.2,CUST1567,2023-10-05 00:00:00,Diana,East
ORD00342,PRD132,Camera,Ask,8,0.2,CUST6758,2023-09-12 00:00:00,Diana,East
ORD00362,PRD718,Smartphone,-,18,0.15,CUST4604,2023-10-19 00:00:00,Bob,East
ORD00195,PRD936,Laptop,Free,9,0.0,CUST2817,2022-11-12 00:00:00,Alice,Central
ORD00289,PRD773,Headphones,-,17,0.0,CUST6147,N/A,Daina,East
ORD00164,PRD184,Laptop,1259.2039677330922,15,0.15,CUST9379,2022-09-11 00:00:00,Charlie,Central
ORD00306,PRD593,Smartphone,869.0605508270994,19,0.1,,2021-03-15 00:00:00,Daina,West
ORD00316,PRD235,"Smartphone, Headphones",113.22200403167949,-9,0.0,CUST6113,2022-03-30 00:00:00,Evan,Central
ORD00325,PRD101,Headphones,322.09914849591837,999,0.1,CUST4009,2020-09-25 00:00:00,Alice,West
ORD00119,PRD293,Camera,1006.4501479963727,3,0.1,CUST5388,2023-12-30 00:00:00,Diana,West
ORD00079,PRD681,Smartwatch,118.82937572795723,6,0.15,,2023-05-31 00:00:00,Charlie,West
ORD00497,PRD415,Headphones,501.3195865251966,20,0.0,CUST7207,2021-08-21 00:00:00,Bob,South
ORD00388,PRD423#,"Laptop, Camera, Smartwatch, Smartphone",1413.5666995807476,10,0.2,CUST3362,2020-10-23 00:00:00,Evan,North
ORD00172,PRD965,Headphones,767.313463415154,10,0.0,CUST2898,2023-01-09 00:00:00,Charlie,West
ORD00117,PRD397,Smartphone,462.6076268083847,18,0.2,CUST8693,2020-05-26 00:00:00,Diana,East
ORD00239,PRD408,Laptop,294.82380730716136,18,0.05,CUST7039,2022-10-11 00:00:00,Charlie,West
ORD00448,PRD966,Camera,861.705052501833,3,0.1,CUST8722,2021-03-09 00:00:00,Alice,West
ORD00266,PRD262,Laptop,500.6080863550001,13,0.15,CUST9860,2022-06-10 00:00:00,Evan,South
ORD00205*,PRD293,Camera,-,1,0.1,CUST6876,2021-05-02 00:00:00,Bob,South
ORD00008,PRD597,Laptop,613.868938532254,999,0.15,CUST1147,2022-03-29 00:00:00,Diana,South
ORD00157,PRD561,,-,-1,0.1,CUST8864,2020-05-24 00:00:00,Evan,East
ORD00311,PRD467,Smartphone,1185.0388030357994,15,0.1,,2022-08-20 00:00:00,Bob,North
ORD00279,PRD797,Smartphone,1122.939828364077,16,0.0,CUST4147,2020-04-25 00:00:00,Bob,East
ORD00005,PRD141,Headphones,1370.0689764387564,2,0.05,CUST3844,2020-08-11 00:00:00,,South
ORD00095,PRD664,Laptop,311.564617321684,1,0.2,CUST2393,2022-05-15 00:00:00,Alice,Central
ORD00461,PRD650#,"Camera, Camera",898.9789370939187,18,0.1,CUST4876,2021-08-25 00:00:00,Evan,East
ORD00307,PRD460,Smartphone,1430.8447334888779,13,0.05,CUST9292,2023-07-24 00:00:00,Evan,West
ORD00186,PRD935,Smartwatch,1444.4525030399336,11,0.05,CUST1615,2020-04-29 00:00:00,Alice,West
ORD00084,PRD922,Headphones,168.1416437004459,5,0.1,CUST1132,2023-02-10 00:00:00,Charlie,East
ORD00014,PRD466,Laptop,900.468874942479,999,0.2,CUST7439,TBD,Diana,North
ORD00123,PRD727,Smartwatch,226.6011424944338,12,0.05,CUST1147,2022-10-16 00:00:00,,East
ORD00437,PRD143,Headphones,1157.8992560444972,1,0.2,CUST9057,2022-11-04 00:00:00,,West
ORD00255,PRD581,Headphones,102.65827007368327,20,0.2,CUST5205,2021-11-27 00:00:00,Bob,North
ORD00016,PRD323,Laptop,613.1040144581713,1,0.0,CUST6951,2022-09-19 00:00:00,,West
ORD00012,PRD410,Headphones,334.4822670291695,19,0.05,CUST6085,2023-12-24 00:00:00,Bob,East
ORD00285,PRD764,Headphones,1044.8606819288284,17,0.0,,2021-10-26 00:00:00,Evan,West
ORD00375,PRD931,Camera,1393.420229546531,12,0.05,CUST9825,2020-09-01 00:00:00,Bbo,East
ORD00093,PRD211,Headphones,1252.5407189278526,5,0.15,CUST6132,2023-04-23 00:00:00,Diana,South
ORD00350,PRD826,"Smartphone, Laptop, Camera, Laptop",1274.8753600462896,5,0.1,CUST1066,2022-06-12 00:00:00,Diana,South
ORD00456,PRD569,Camera,N/A,1,0.15,CUST4526,2021-10-10 00:00:00,Alice,East
ORD00405,PRD994,Laptop,1253.285892119583,-9,0.15,CUST9865,2021-09-20 00:00:00,Charlie,South
ORD00201,PRD175,,115.19669903844436,4,0.0,CUST9498,2022-02-15 00:00:00,Alice,South
ORD00340,PRD995,"Camera, Camera, Camera, Smartwatch",671.6202805107106,9,0.1,CUST4258,2021-06-29 00:00:00,Bob,West
ORD00374,PRD996,"Laptop, Smartphone, Headphones",1420.170269155564,16,0.05,CUST6777,2023-10-28 00:00:00,Ailce,East
ORD00361,PRD674,"Headphons, Headphones, Camera",1215.981274115607,999,0.05,CUST6222,2022-09-29 00:00:00,,North
ORD00070,PRD988*,Camera,-,2,0.1,CUST2841,2022-06-29 00:00:00,Charlie,South
ORD00295,PRD568!,Headphones,1390.5626248705205,9,0.1,CUST3616,2023-04-30 00:00:00,Evan,Central
ORD00423,PRD362,Camera,N/A,13,0.1,CUST3751,2022-03-31 00:00:00,Diana,South
ORD00469,PRD254,Laptop,396.1458666457856,15,0.2,CUST5873,2021-06-25 00:00:00,Evan,West
ORD00443,PRD422,Laptop,965.2709891016306,14,0.1,CUST4199,2022-04-22 00:00:00,Alice,Central
ORD00006,PRD365,Camera,free,15,0.2,CUST6904,2021-05-19 00:00:00,Bob,East
ORD00025,PRD356,Camera,1072.1393805729083,1,0.15,CUST5465,2023-02-16 00:00:00,Eavn,West
ORD00223,PRD315,Smartwatch,110.81161773842766,5,0.1,CUST7312,2021-04-12 00:00:00,Alice,South
ORD00458*,PRD545,Smartwatch,1355.2354615241004,2,0.15,,2020-03-03 00:00:00,Diana,Central
ORD00160,PRD756,Smartphone,906.9906733347775,14,0.2,CUST2212,2021-12-29 00:00:00,Diana,Central
ORD00408,PRD805,"Headphones, Smartphone, Camera",525.7679707699084,10,0.15,CUST6003,2023-08-06 00:00:00,Alice,West
ORD00218,PRD299,,432.42430667484615,7,0.1,CUST3633,2021-11-24 00:00:00,Alice,Central
ORD00341,PRD524,Laptop,1486.729432185284,16,0.05,CUST1281,2022-01-07 00:00:00,Charlie,North
ORD00492,PRD217,Camera,77.8411663319148,12,0.0,CUST4139,2021-04-03 00:00:00,Evan,Central
ORD00259,PRD814,Laptop,392.4103702290735,20,0.2,CUST8321,2023-12-05 00:00:00,Evan,East
ORD00488,PRD504,Smartwatch,222.327780703882,20,0.15,CUST6266,2022-03-22 00:00:00,Diana,West
ORD00250,PRD500,Laptop,416.0856760543803,4,0.0,CUST6533,2023-10-08 00:00:00,Alice,West
ORD00108,PRD394,Laptop,-,14,0.0,CUST9951,2021-06-03 00:00:00,Alice,East
ORD00274,PRD552,Headphones,711.080692506169,4,0.15,CUST6799,2021-01-03 00:00:00,Eavn,Central
ORD00368,PRD419,Smratphone,960.3319638604612,8,0.0,CUST5511,2021-12-18 00:00:00,Charlie,East
ORD00161,PRD817,"Laptop, Camera",962.0345683602662,-4,0.0,CUST4593,2023-03-16 00:00:00,Bob,West
ORD00063,PRD903,Smartphone,-,6,0.0,CUST5242,2023-01-08 00:00:00,,North
ORD00427,PRD936,"Smartphone, Camera, Headphones",448.86978968459607,19,0.05,CUST4943,2020-04-01 00:00:00,,Central
ORD00442,PRD671,"Smartphone, Smartphone, Headphones",1129.0143822216155,8,0.05,CUST3133,2021-08-30 00:00:00,Bob,North
ORD00133,PRD253,Headphones,398.1973267640278,16,0.05,CUST2876,2023-09-01 00:00:00,Charlie,East
ORD00378,PRD661,"Laptop, Smartphone, Laptop",N/A,3,0.05,CUST5681,2023-02-21 00:00:00,Bob,Central
ORD00293,PRD807,"Headphones, Camera, Smartphone, Camera",527.6918945234952,15,0.2,CUST1962,2021-04-16 00:00:00,Bob,South
ORD00254,PRD849,Laptop,1402.0133639853004,19,0.0,CUST3358,2022-06-27 00:00:00,Diana,East
ORD00038,PRD583,Headphones,760.7929924085043,2,0.05,CUST1045,2021-06-05 00:00:00,Alice,East
ORD00320,PRD866,Camera,746.5981753123084,13,0.1,CUST9703,2021-12-17 00:00:00,Diana,Central
ORD00432,PRD992,Laptop,Check,10,0.0,CUST9977,2023-06-14 00:00:00,Alice,North
ORD00496,PRD149,,139.95699370891467,5,0.0,CUST7944,2022-10-14 00:00:00,Alice,Central
ORD00214,PRD218,Smartphone,1480.8539371092677,18,0.0,CUST1021,2020-02-17 00:00:00,Diana,South
ORD00363,PRD873,Smartphone,72.75346238331875,12,0.1,CUST3857,2021-06-20 00:00:00,Charlie,South
ORD00136,PRD182,,Check,3,0.05,,2022-01-09 00:00:00,Charlie,Central
ORD00345,PRD818,"Smartwach, Smartphone, Laptop, Headphones",854.1117847785252,5,0.15,CUST3067,2021-09-10 00:00:00,Alice,East
ORD00059*,PRD960,,-,18,0.15,CUST8514,2022-02-01 00:00:00,,Central
ORD00018,PRD242,Camera,172.75274368348403,9,0.0,CUST2438,2021-01-12 00:00:00,Bob,East
ORD00056,PRD114,Headphons,1202.445729915751,13,0.15,CUST6416,2022-07-06 00:00:00,Evan,South
ORD00329,PRD442,"Smartwatch, Headphones, Laptop",302.0586301968839,20,0.15,CUST4740,2023-07-16 00:00:00,,East
ORD00291,PRD257*,"Laptpo, Camera, Smartwatch, Headphones",-,-999,0.1,CUST1892,2022-09-06 00:00:00,Evan,South
ORD00168#,PRD598,Camera,free,16,0.2,CUST3345,2020-02-10 00:00:00,Charlie,Central
ORD00372,PRD928,Headphons,Free,8,0.05,CUST9030,2020-05-21 00:00:00,Bob,West
ORD00190,PRD249,Smartwatch,1003.8553064881258,-10,0.1,CUST9393,2023-09-19 00:00:00,Evan,North
ORD00002,PRD494,Headphones,-,12,0.0,CUST1017,2022-09-06 00:00:00,Alice,North
ORD00399,PRD200,Headphons,1174.397751475059,17,0.15,CUST9386,2021-02-21 00:00:00,Diana,East
ORD00455,PRD759,"Smartphone, Smartwatch, Laptop",Ask,12,0.1,CUST8217,2021-01-11 00:00:00,Alice,Central
ORD00447,PRD143,Smartwatch,170.05864096475872,14,0.2,CUST5294,2020-09-15 00:00:00,Alice,East
ORD00464,PRD484,Smartphone,Free,4,0.2,CUST2497,2022-04-19 00:00:00,Charlie,North
ORD00176,PRD849,"Camera, Laptop, Camera, Headphones",1279.28221683368,12,0.2,CUST5959,2020-09-26 00:00:00,Evan,South
ORD00327,PRD296,Camera,664.6248843828249,6,0.0,CUST3243,2020-02-28 00:00:00,,Central
ORD00348,PRD890,Camera,N/A,5,0.05,CUST5575,2021-06-23 00:00:00,Diana,South
ORD00243,PRD162,Laptop,163.80853332137343,12,0.2,CUST4463,2023-08-19 00:00:00,Alice,West
ORD00451,PRD722,Headphons,428.39852553241195,11,0.15,CUST6658,2021-08-01 00:00:00,Bob,West
ORD00396,PRD791,Headphones,413.30918329985576,4,0.15,CUST8217,2023-02-08 00:00:00,,Central
ORD00236*,PRD326,Camera,407.85168872504886,18,0.0,CUST8037,2021-12-21 00:00:00,Daina,South
ORD00297,PRD180,Smartwatch,N/A,19,0.0,CUST8178,2023-09-15 00:00:00,Evan,West
ORD00125,PRD366,Laptop,221.45425310855114,14,0.2,CUST9576,2023-07-06 00:00:00,Diana,West
ORD00360,PRD598,Camera,Check,4,0.2,CUST9246,2021-12-02 00:00:00,Diana,South
ORD00272,PRD220,"Laptop, Laptop, Smartphone, Camera",430.54755445145287,16,0.05,,2020-08-31 00:00:00,Ailce,Central
ORD00434,PRD385,"Smartwatch, Smartphone, Camera",244.23642620742353,-8,0.05,CUST9612,2022-09-11 00:00:00,,South
ORD00067,PRD726,Smartphone,1025.3684279105642,1,0.0,CUST3605,2022-03-28 00:00:00,Evan,Central
ORD00196*,PRD687,Laptop,1111.8550446937593,13,0.05,CUST7029,2023-12-11 00:00:00,Evan,Central
ORD00470,PRD377,Headphones,715.0720533526022,7,0.1,CUST2452,2021-06-19 00:00:00,Alice,South
ORD00171,PRD443,Smartphone,-,19,0.0,CUST7292,2022-07-10 00:00:00,Diana,East
ORD00468,PRD241,Smartphone,711.993847309011,3,0.15,CUST6391,2023-11-05 00:00:00,Alice,West
ORD00073,PRD847,Smartwach,Check,10,0.2,CUST8901,2023-02-21 00:00:00,Alice,Central
ORD00493,PRD589,Camera,N/A,12,0.05,CUST4280,TBD,Charlie,North
ORD00398*,PRD726#,"Laptop, Camera, Smartphone, Smartwatch",610.606296968738,12,0.0,CUST7163,2021-12-22 00:00:00,,West
ORD00080,PRD327,Camera,1223.053894173907,14,0.05,CUST6827,2022-05-12 00:00:00,,Central
ORD00127,PRD170,"Laptop, Camera, Camera",570.4117591147564,-8,0.15,,2020-05-01 00:00:00,Evan,West
ORD00081,PRD344,Camera,1469.39534780155,15,0.05,CUST9340,2022-09-05 00:00:00,Diana,West
ORD00393,PRD872,Headphones,-,13,0.2,CUST3910,N/A,Diana,Central
ORD00273,PRD711,Laptop,1045.9233016188161,11,0.05,CUST4310,2023-04-05 00:00:00,Diana,Central
ORD00370,PRD578,Laptop,free,10,0.2,CUST2644,2022-09-02 00:00:00,Bob,East
ORD00288,PRD957,"Smartphone, Smartwatch, Headphones",N/A,6,0.1,CUST7877,2021-07-24 00:00:00,Alice,East
ORD00317,PRD832,Headphons,-,17,0.1,,2020-12-01 00:00:00,Charlie,North
ORD00077,PRD164,Camera,718.3500354601873,-12,0.05,CUST5296,2020-05-24 00:00:00,Alice,Central
ORD00248,PRD203,Camera,267.60291711731844,14,0.0,CUST8463,2020-02-09 00:00:00,Alice,West
ORD00433,PRD258,Camera,-,16,0.15,CUST4483,2021-11-18 00:00:00,,Central
ORD00184,PRD440,Laptop,105.517404950992,6,0.15,CUST4805,2023-12-14 00:00:00,Bob,West
ORD00450,PRD818,"Camera, Smartphone, Laptop",Check,-999,0.0,CUST6747,2020-12-02 00:00:00,Alice,Central
ORD00268,PRD265,Smartphone,848.1502538914264,2,0.05,CUST4445,2022-08-01 00:00:00,Charlie,South
ORD00485,PRD697,Headphones,792.9791307075291,7,0.15,CUST3385,2021-03-20 00:00:00,Alice,North
ORD00290,PRD356,Headphones,1459.2065082000117,14,0.05,CUST7313,2022-01-12 00:00:00,Diana,North
ORD00033,PRD847,Laptop,1436.879105421474,15,0.2,CUST9131,2021-05-10 00:00:00,Bob,South
ORD00213,PRD953,Headphones,526.7791193402791,18,0.0,,2023-11-09 00:00:00,Diana,North
ORD00220,PRD835,Camera,1116.6735226058227,0,0.15,,2023-02-24 00:00:00,Bob,North
ORD00294#,PRD112,Smartwatch,1454.3803711794073,13,0.2,,2023-07-07 00:00:00,Diana,South
ORD00156,PRD381,Camera,1112.212856796283,13,0.15,CUST9883,2023-06-10 00:00:00,Charlie,Central
ORD00085,PRD656!,Camera,193.15913243654612,13,0.2,CUST1670,2021-01-10 00:00:00,Bob,East
ORD00321,PRD524,Laptop,1422.6996221624545,16,0.0,CUST4241,2023-09-14 00:00:00,Alice,Central
ORD00221,PRD226,Headphones,N/A,1,0.0,CUST9616,2022-02-26 00:00:00,Charlie,East
ORD00162,PRD912,,1356.1742878027717,15,0.0,CUST3354,2021-01-31 00:00:00,,Central
ORD00385,PRD511,Smartphone,Check,13,0.15,CUST9469,2020-09-30 00:00:00,Bob,East
ORD00040,PRD203,Camera,Ask,13,0.15,CUST8145,TBD,Ailce,East
ORD00215,PRD137,"Smartwatch, Headphones, Smartphone",1133.5980642029233,5,0.15,CUST4869,2021-02-27 00:00:00,Alice,West
ORD00127,PRD170,"Laptop, Camera, Laptop",570.4117591147564,-8,0.15,,2020-05-01 00:00:00,Evan,West
ORD00167,PRD218,Smartphone,710.6242071659409,11,0.15,CUST2154,2022-02-17 00:00:00,Bob,North
ORD00042,PRD544,"Smartphone, Smartwatch, Smartphone",113.52051776798294,-1,0.0,,2023-03-30 00:00:00,Charlie,East
ORD00143,PRD822,Laptop,898.8748734480329,20,0.0,CUST5159,2022-04-21 00:00:00,Bob,West
ORD00202,PRD127,"Laptpo, Headphones, Smartphone, Camera",377.37458624709365,20,0.2,CUST9319,2022-05-06 00:00:00,Charlie,South
ORD00357,PRD261,Camera,Free,18,0.2,CUST8945,2021-05-24 00:00:00,Evan,West
ORD00467,PRD109,"Smartwatch, Smartphone, Smartphone",Free,7,0.2,CUST7425,2020-08-08 00:00:00,,East
ORD00269,PRD450,"Smartphone, Camera, Headphones",1467.1248909134124,1,0.1,CUST5812,2023-04-04 00:00:00,Charlie,West
ORD00169,PRD701,Smartwatch,-,14,0.1,CUST3554,2022-05-28 00:00:00,Diana,East
ORD00109,PRD555,Laptop,827.4392878250526,14,0.0,CUST1897,2022-07-26 00:00:00,Diana,North
ORD00112,PRD917,,Check,8,0.05,CUST3382,2021-02-17 00:00:00,Charlie,North
ORD00394,PRD102,Camra,93.69481290989516,20,0.1,CUST2121,2022-05-16 00:00:00,Diana,Central
ORD00376,PRD525,Smartwatch,162.99055986891548,17,0.1,CUST5632,2021-06-13 00:00:00,Charlie,North
ORD00154,PRD529,Camera,1058.763169910721,2,0.05,CUST7286,2023-05-30 00:00:00,Diana,West
ORD00174,PRD348,Laptop,747.3268783967333,4,0.2,CUST9591,2022-11-21 00:00:00,Daina,South
ORD00251,PRD304,,1218.5472512254353,5,0.2,CUST3399,2021-03-22 00:00:00,Diana,South
ORD00462,PRD282,Camera,980.2469934725947,1,0.1,CUST8434,2020-08-02 00:00:00,Alice,West
ORD00482,PRD376,Smratphone,560.8641689784645,16,0.2,CUST3358,2023-04-20 00:00:00,Charlie,Central
ORD00359,PRD640,,646.8727720764632,16,0.0,CUST1672,2021-01-28 00:00:00,Charlie,East
ORD00013,PRD588,Headphones,1413.0502342893901,15,0.15,CUST4868,2021-09-21 00:00:00,Evan,South
ORD00146,PRD634,Smartwatch,623.5922349624525,8,0.0,CUST8949,2020-09-25 00:00:00,Charlie,North
ORD00234,PRD366,Laptop,1268.1980069799026,17,0.05,CUST3360,2023-12-01 00:00:00,Bob,Central
ORD00131,PRD233,Camera,free,13,0.15,CUST9311,2021-05-09 00:00:00,Bob,East
ORD00045,PRD755,Headphones,-,3,0.2,CUST7870,2022-11-11 00:00:00,Bob,West
ORD00126!,PRD587,Smartwatch,1119.0608838108708,14,0.1,CUST2149,2023-06-25 00:00:00,Diana,West
ORD00078,PRD295,Smartphone,-,8,0.15,CUST5524,2020-11-24 00:00:00,Charlie,South
ORD00212,PRD479,Laptpo,N/A,14,0.05,CUST8915,2020-03-12 00:00:00,Bob,Central
ORD00197,PRD749,Smartwatch,269.263506773549,7,0.1,CUST8130,2020-09-06 00:00:00,Charlie,North
ORD00392,PRD834,Camera,Check,10,0.05,CUST4196,2021-04-02 00:00:00,Charlie,Central
ORD00086,PRD558,Camera,free,19,0.05,CUST1242,2022-12-15 00:00:00,Bob,East
ORD00356,PRD818,Smartphone,573.3651900514164,13,0.1,CUST3383,2021-09-28 00:00:00,Diana,West
ORD00373,PRD942,Headphones,447.9853501055787,-1,0.05,CUST5459,2020-11-10 00:00:00,Diana,Central
ORD00121,PRD291#,,N/A,14,0.15,CUST4467,2023-06-24 00:00:00,Alice,Central
ORD00037,PRD438,Smartwatch,892.3921965746091,3,0.15,CUST4714,2020-04-01 00:00:00,,Central
ORD00229,PRD657,Smartwatch,1309.837455375984,4,0.0,CUST3841,2023-07-01 00:00:00,,North
ORD00103,PRD308,Headphones,463.9833970712042,20,0.15,CUST7543,2020-02-17 00:00:00,,South
ORD00310,PRD789,Smartphone,-,17,0.15,CUST6421,2020-07-19 00:00:00,Diana,South
ORD00098,PRD227,Headphones,1313.0843308161514,1,0.05,CUST1798,2021-09-04 00:00:00,Evan,Central
ORD00230,PRD535,Smartwatch,free,14,0.1,CUST8236,2021-01-23 00:00:00,Charlie,Central
ORD00314,PRD974,Headphones,-,-20,0.0,CUST1675,2022-03-09 00:00:00,,North
ORD00270,PRD642,"Laptop, Headphones, Headphones, Laptop",1170.7229936204853,4,0.1,CUST7384,2020-02-26 00:00:00,Evan,South
ORD00203,PRD227,Headphones,998.1214662914605,12,0.15,CUST2829,2021-03-28 00:00:00,Charlie,North
ORD00185!,PRD536,Smartwatch,1103.3675624672662,19,0.1,CUST9227,2020-10-20 00:00:00,Diana,East
ORD00436,PRD119,Headphones,980.7454078539976,17,0.05,CUST4579,2020-07-21 00:00:00,Bob,North
ORD00071,PRD441,"Camera, Camera, Camera, Smartwatch",419.2268032507804,8,0.0,CUST2825,2021-12-25 00:00:00,Evan,West
ORD00213,PRD953,Headphones,526.7791193402791,18,0.0,,2023-11-09 00:00:00,Diana,North
ORD00001,PRD964,Smartwach,-,6,0.0,CUST5200,2022-05-16 00:00:00,Diana,South
ORD00351,PRD147,"Laptop, Laptop, Laptop",N/A,-19,0.0,,2020-03-11 00:00:00,Diana,West
ORD00193,PRD324*,"Camera, Laptop, Laptop, Camera",492.1085083828565,2,0.1,CUST2260,2021-08-24 00:00:00,Charlie,East
ORD00145,PRD382,"Headphones, Camera, Smartphone, Camera",238.2431423024745,16,0.05,CUST6436,2023-04-19 00:00:00,Diana,West
ORD00129,PRD795,Smartwatch,1070.0516744898584,13,0.15,CUST3531,2021-10-27 00:00:00,Evan,East
ORD00049,PRD553,Smartphone,1457.4799003640187,16,0.15,CUST2007,2020-02-29 00:00:00,Evan,South
ORD00182,PRD913,Smartphone,606.9338792448814,7,0.0,CUST9395,2023-06-09 00:00:00,Diana,West
ORD00009,PRD514,Smartwatch,Check,20,0.05,CUST1270,2022-03-06 00:00:00,,North
ORD00026,PRD645,Laptop,792.5720433865753,12,0.2,CUST6780,2021-11-19 00:00:00,Diana,North
ORD00414,PRD742,Headphones,553.7790650388672,5,0.0,CUST4333,2020-03-05 00:00:00,Alice,South
ORD00264,PRD907,"Smartphone, Smartwatch, Smartphone, Headphones",N/A,20,0.05,CUST5080,2022-01-02 00:00:00,Evan,South
ORD00487,PRD469,Smartphone,1299.1180443989049,2,0.1,,2021-01-24 00:00:00,Evan,South
ORD00387,PRD527,Camera,970.3859610287567,8,0.05,CUST8550,2020-04-19 00:00:00,Ailce,South
ORD00312,PRD704,"Smartphone, Smartwatch, Laptop",921.0193453353504,-999,0.0,CUST4849,2022-07-26 00:00:00,Alice,North
ORD00328,PRD815,Smartphone,1427.1926690169378,10,0.15,CUST3131,2020-03-27 00:00:00,,West
ORD00472,PRD445,,533.8155647618297,-17,0.05,CUST9132,2021-11-25 00:00:00,Bob,West
ORD00332,PRD328,,278.2325948815501,3,0.05,CUST5972,2020-10-12 00:00:00,Charlie,West
ORD00007,PRD623,"Laptop, Smartwatch, Smartphone, Laptop",-,12,0.05,CUST5385,2021-06-16 00:00:00,Evan,East
ORD00380,PRD185,Headphones,787.9035860128024,10,0.1,CUST2072,2021-03-26 00:00:00,Alice,East
ORD00191,PRD975,Headphones,427.1545533019972,18,0.05,CUST1112,2021-10-26 00:00:00,Bob,East
ORD00029,PRD716,Smartphone,561.9530684990948,13,0.15,CUST4224,2023-04-02 00:00:00,Charlie,Central
ORD00101,PRD934,"Camera, Smartwatch, Smartwatch, Camera",680.523339700429,4,0.0,CUST1452,2022-04-29 00:00:00,,West
ORD00284,PRD418,Headphones,free,3,0.0,CUST5109,2020-12-25 00:00:00,Diana,North
ORD00188,PRD203,Headphones,689.7328922094955,13,0.15,CUST6996,Unknown,Alice,Central
ORD00227,PRD795,,54.50966600927474,10,0.2,CUST1447,2023-10-12 00:00:00,Alice,East
ORD00306,PRD593,Smartphone,869.0605508270994,19,0.1,,2021-03-15 00:00:00,Daina,West
ORD00454,PRD829,Camera,425.9059373310372,-6,0.15,CUST4237,2022-11-20 00:00:00,Diana,East
ORD00445,PRD681,Camera,549.8126120136118,19,0.1,,2021-10-03 00:00:00,Bob,East
ORD00413,PRD506,Laptop,-,15,0.0,CUST8679,2023-03-09 00:00:00,Alice,North
ORD00128,PRD191,"Smartwatch, Smartphone, Laptop",Check,16,0.15,CUST5663,2020-12-07 00:00:00,Evan,North
ORD00151,PRD795,Camera,1183.093612841707,-999,0.2,CUST2324,TBD,Charlie,East
ORD00277,PRD113,Smartwatch,769.207302661024,-999,0.1,CUST1339,2022-11-01 00:00:00,Bob,South
ORD00466,PRD398,,153.88270117108644,0,0.15,CUST5751,2020-10-14 00:00:00,Evan,West
ORD00249,PRD816,Camera,922.8563737725523,14,0.2,CUST4902,2022-07-14 00:00:00,Charlie,South
ORD00336,PRD827,Headphones,927.3162238881973,19,0.15,CUST2285,2021-12-03 00:00:00,Charlie,North
ORD00054,PRD924,Laptop,198.39136137972795,2,0.05,CUST8963,2020-08-24 00:00:00,Bob,South
ORD00441,PRD365,"Smartphone, Smartwatch, Camera, Smartphone",854.6729035841178,13,0.2,,2022-07-04 00:00:00,Evan,South
ORD00330,PRD263,Camera,Check,5,0.1,CUST5225,2023-03-22 00:00:00,,East
ORD00027,PRD822,Laptop,462.41478598545746,1,0.1,CUST4417,2022-07-30 00:00:00,Evan,East
ORD00296,PRD859,Smartphone,899.9114869319098,1,0.15,CUST5360,2022-05-17 00:00:00,Charlie,South
ORD00459,PRD481,Headphones,851.4534046619215,1,0.05,CUST1114,2021-07-08 00:00:00,Evan,East
ORD00404,PRD303,Camera,724.7038358013738,14,0.05,,2020-10-28 00:00:00,Charlie,West
ORD00459,PRD481,Headphones,851.4534046619215,1,0.05,CUST1114,2021-07-08 00:00:00,Evan,East
ORD00088,PRD182,Smartwatch,1382.889529388595,6,0.05,CUST3013,Unknown,Evan,North
ORD00261,PRD308,Headphones,Ask,17,0.05,CUST4355,2022-08-17 00:00:00,Bob,West
ORD00122,PRD133,"Camera, Laptop, Smartwatch",1295.6889385146426,19,0.05,CUST7605,2021-06-02 00:00:00,Charlie,West
ORD00500!,PRD635,Smartphone,1162.9484471079015,0,0.0,CUST3338,2022-09-29 00:00:00,Bob,South
ORD00409,PRD286,,85.23685393657101,4,0.0,CUST8269,2020-02-09 00:00:00,Evan,South
ORD00034,PRD175,,free,18,0.2,CUST3476,2020-03-19 00:00:00,Evan,West
ORD00423,PRD362,Camera,N/A,13,0.1,CUST3751,2022-03-31 00:00:00,Diana,South
ORD00275,PRD781,"Headphones, Smartwatch, Headphones, Headphones",N/A,15,0.1,CUST7663,2022-04-16 00:00:00,Charlie,West
ORD00338,PRD789,,435.3498708570507,18,0.0,CUST7667,2020-07-28 00:00:00,Diana,Central
ORD00278,PRD582,Smartphone,79.99146279634564,9,0.2,CUST1709,2021-08-12 00:00:00,Bob,North
ORD00258,PRD273#,Headphones,268.6731376817031,7,0.0,CUST2879,2023-03-06 00:00:00,Evan,East
ORD00225,PRD919,Smartwatch,642.9540144892958,12,0.2,CUST8924,2022-06-28 00:00:00,Charlie,East
ORD00300,PRD146,"Smartwatch, Headphones, Headphones, Laptop",1378.724275593982,6,0.2,CUST7797,2023-11-08 00:00:00,Diana,Central
ORD00292!,PRD674,Headphones,870.7554420344526,7,0.05,CUST2884,2021-04-04 00:00:00,Bob,East
ORD00163,PRD465*,Laptop,Check,20,0.2,CUST7547,2022-02-24 00:00:00,Bob,West
ORD00407,PRD386,,Check,13,0.2,CUST1569,2022-08-09 00:00:00,Diana,North
ORD00478#,PRD898,Laptop,547.9050573227382,8,0.05,CUST4933,2021-12-01 00:00:00,Evan,East
ORD00247!,PRD710,Camera,713.3921141151778,10,0.2,CUST7095,2020-11-26 00:00:00,Alice,West
ORD00114,PRD424,"Smartwatch, Smartwatch",193.40611137625166,12,0.2,CUST4396,2021-07-07 00:00:00,Alice,South
ORD00110,PRD193,Smartphone,428.43256626421226,19,0.0,CUST8302,2022-07-23 00:00:00,Charlie,South
ORD00428,PRD766,Smartwatch,1022.7894910133728,20,0.05,CUST2558,2020-12-05 00:00:00,Alice,East
ORD00211,PRD193,Camera,569.1509451890748,3,0.05,CUST8963,2022-10-21 00:00:00,Evan,Central
ORD00137,PRD816,"Camera, Headphones, Smartwatch, Smartwatch",961.3419983267115,9,0.15,,2023-06-05 00:00:00,Bob,Central
ORD00144,PRD637,Smartphone,86.66527626956808,20,0.15,CUST8390,2021-12-28 00:00:00,Evan,East
ORD00153,PRD945,"Laptop, Laptop",875.7721551695331,18,0.0,CUST8188,2020-12-28 00:00:00,Alice,North
ORD00120,PRD941,"Laptop, Smartwatch",1125.7862554975595,5,0.1,CUST5140,2023-03-27 00:00:00,Diana,East
ORD00490,PRD232,,82.95197721398569,1,0.15,CUST2238,2023-08-14 00:00:00,Charlie,North
ORD00092,PRD601,Headphones,1144.5004454670568,6,0.2,CUST1443,2022-07-28 00:00:00,Bob,West
ORD00245,PRD578*,Smartphone,N/A,16,0.0,CUST4961,2022-06-13 00:00:00,Diana,West
ORD00053,PRD163,"Laptop, Camera, Headphones, Headphones",542.2804227625003,10,0.15,CUST5495,2023-12-29 00:00:00,Alice,North
ORD00439,PRD310,Headphones,1244.4518152880057,16,0.1,CUST4136,2022-03-06 00:00:00,Diana,West
ORD00051,PRD633,Smartphone,1386.0182745040265,5,0.1,CUST3263,2023-03-08 00:00:00,Diana,East
ORD00061,PRD827*,Camera,free,6,0.05,CUST2764,2020-07-21 00:00:00,Bob,West
ORD00471!,PRD441,"Camera, Smartphone, Smartphone, Camera",281.11507914080914,1,0.2,CUST3039,2022-08-30 00:00:00,Evan,South
ORD00219,PRD289,Laptop,820.4381839682964,-6,0.1,CUST1715,2023-10-05 00:00:00,Charlie,East
ORD00446,PRD969,"Camera, Camera, Smartphone, Camera",899.5308650944319,-999,0.1,CUST7470,2020-08-07 00:00:00,Alice,East
ORD00035,PRD970,Camera,-,16,0.1,CUST9284,2020-03-20 00:00:00,Alice,North
ORD00313,PRD748,Headphones,1481.8329833190994,16,0.0,,2023-07-06 00:00:00,Bbo,South
ORD00402,PRD722,Smartwatch,1326.2126117400512,12,0.2,CUST7390,2023-01-26 00:00:00,Alice,South
ORD00386,PRD794,Camera,1395.5800661354003,5,0.05,CUST3268,TBD,Bob,West
ORD00060,PRD508,Camera,91.80221898023734,5,0.2,CUST3614,2022-01-08 00:00:00,Evan,North
ORD00347,PRD528,Headphones,325.4829997053771,4,0.0,CUST2336,2022-03-26 00:00:00,Charlie,North
ORD00056,PRD114,Headphons,1202.445729915751,13,0.15,CUST6416,2022-07-06 00:00:00,Evan,South
ORD00281,PRD682,Camera,1037.0518094790775,6,0.1,CUST3679,2022-11-29 00:00:00,Charlie,East
ORD00302,PRD387,"Headphones, Smartphone, Smartwatch, Laptop",529.454773493215,19,0.0,CUST7143,2022-08-05 00:00:00,Diana,North
ORD00208,PRD689*,"Smartwatch, Smartphone, Smartwatch",1344.0219542896457,13,0.0,CUST3946,2021-03-19 00:00:00,Evan,West
ORD00309,PRD394*,Smartwatch,957.2839586098875,8,0.05,CUST9406,2022-12-28 00:00:00,Alice,South
ORD00233,PRD955,Camra,528.5739596501116,11,0.0,CUST8044,2022-08-12 00:00:00,Alice,East
ORD00333,PRD752,Camra,209.57782578019808,3,0.1,CUST3380,2020-08-02 00:00:00,Alice,East
ORD00181,PRD480,Camera,1188.7846877649858,2,0.1,,2023-02-13 00:00:00,Evan,East
ORD00100,PRD440,Smartphone,513.4156476130355,2,0.15,CUST7757,2023-07-30 00:00:00,Evan,West
ORD00159,PRD776,"Smartphone, Headphones, Camera",562.5204837495362,13,0.2,CUST9497,2021-08-29 00:00:00,Charlie,West
ORD00366,PRD606,Smartwatch,free,1,0.15,CUST8251,2023-07-04 00:00:00,Diana,Central
ORD00130,PRD875,Laptop,1007.8822635795347,8,0.1,CUST3307,2023-09-25 00:00:00,Bob,Central
ORD00263,PRD159,Laptop,441.2676443518675,9,0.15,CUST6864,Unknown,Alice,South
ORD00319,PRD497,Laptop,1425.4820342835476,18,0.2,CUST3103,2022-04-14 00:00:00,Alice,North
ORD00331,PRD345,Headphones,1005.3495427751217,15,0.2,CUST9126,TBD,Evan,South
ORD00420,PRD911,Smartphone,1395.792226642215,8,0.15,CUST2992,2021-01-16 00:00:00,Bob,North
ORD00036,PRD800,Smartwatch,N/A,16,0.05,CUST7679,2023-06-26 00:00:00,Alice,West
ORD00421,PRD218,Headphons,1275.3398599776401,-4,0.1,CUST9302,2023-07-05 00:00:00,Diana,North
ORD00477,PRD446,Camera,1239.8616481618767,999,0.2,CUST7706,2020-09-04 00:00:00,,North
ORD00415,PRD183,Headphones,56.51515052163062,12,0.0,,2023-12-14 00:00:00,Charlie,North
ORD00096!,PRD398,Smartwatch,760.5195054342838,11,0.15,CUST7423,2021-03-31 00:00:00,Charlie,North
ORD00384,PRD115,Smartwatch,288.50469171046416,12,0.05,CUST2559,2020-11-14 00:00:00,Alice,North
ORD00499,PRD977,Camera,125.73491164036615,3,0.2,CUST1581,2021-12-29 00:00:00,Bob,Central
ORD00252,PRD366,Headphones,1112.4424844678533,5,0.05,CUST6276,2020-02-21 00:00:00,,West
ORD00377,PRD292,Camera,699.8605668042873,11,0.05,,2021-12-02 00:00:00,Bob,Central
ORD00222,PRD590,Laptop,720.8422612449133,17,0.1,CUST3701,2020-11-22 00:00:00,Evan,East
ORD00282,PRD995,Laptop,893.9053585300452,18,0.1,CUST8509,2023-09-19 00:00:00,Alice,East
ORD00410,PRD202,,736.9011497895008,16,0.05,CUST9458,2022-07-29 00:00:00,Charlie,North
ORD00074,PRD433,Smartphone,-,11,0.05,CUST5820,TBD,Alice,Central
ORD00299,PRD856,,N/A,13,0.2,CUST9977,2023-11-15 00:00:00,,North
ORD00371,PRD151,Camera,Check,9,0.1,CUST6731,2022-10-29 00:00:00,,Central
ORD00238,PRD762!,Camera,1219.3771116411242,0,0.1,CUST4886,N/A,Diana,West
ORD00104,PRD918,Camera,-,5,0.2,CUST3170,2022-02-09 00:00:00,Evan,West
ORD00335,PRD487,Camera,1205.1584082690117,13,0.2,CUST4349,2020-02-11 00:00:00,,South
ORD00355,PRD365,Smartwatch,866.7634711191774,2,0.0,CUST3083,2020-07-16 00:00:00,Charlie,South
ORD00305,PRD880,Smartphone,1233.7207103097408,3,0.15,CUST2313,2020-09-04 00:00:00,Alice,North
ORD00283,PRD620,Camera,1175.0805366577836,18,0.1,,2021-05-11 00:00:00,Charlie,North
ORD00323,PRD766,Smartphone,free,6,0.2,CUST5841,2022-09-28 00:00:00,,South
ORD00318,PRD417,Smartwatch,1397.6086807512545,999,0.1,CUST7412,2022-08-14 00:00:00,Bob,East
ORD00430,PRD455,Smartphone,636.0947881384428,13,0.0,CUST7659,2023-12-04 00:00:00,Charlie,South
ORD00134,PRD139,Smartwatch,801.3222809575627,13,0.05,CUST6443,2023-04-28 00:00:00,,East
ORD00237,PRD173,Smartwatch,81.86419708295477,5,0.1,CUST7413,2020-04-06 00:00:00,Bob,North
ORD00390,PRD318,Smartphone,1328.5915609352887,16,0.2,,2021-12-24 00:00:00,Diana,West
ORD00015,PRD697,Camera,122.20023433448407,6,0.2,CUST9188,2021-04-27 00:00:00,Ailce,Central
ORD00199,PRD716,Smartwatch,free,5,0.2,,2020-09-11 00:00:00,Bob,South
ORD00030,PRD250,Smartphone,714.5267712191717,20,0.1,CUST6230,2022-06-21 00:00:00,Alice,East
ORD00301,PRD657,"Smartwatch, Smartphone, Laptop, Headphones",1354.2076283837175,15,0.15,CUST8892,2020-01-02 00:00:00,Diana,East
ORD00021,PRD873,Headphones,975.2067609307488,3,0.2,CUST1405,2023-06-20 00:00:00,Evan,North
ORD00065,PRD740,,322.2883016919474,20,0.1,CUST8336,2020-06-04 00:00:00,Alice,North
ORD00165,PRD432,Camera,813.3315597801069,999,0.0,,2021-02-19 00:00:00,Diana,South
ORD00322,PRD948,"Laptop, Camera, Camera, Smartphone",1236.6620347731784,9,0.05,CUST5550,TBD,Evan,North
ORD00364,PRD100,Headphons,817.1876007560561,11,0.1,CUST8481,2022-02-07 00:00:00,,South
ORD00382,PRD842,,1072.2386333764446,0,0.0,CUST7153,2020-11-02 00:00:00,Bob,Central
ORD00149,PRD969,Headphones,160.86149734699805,20,0.2,CUST9625,2022-05-08 00:00:00,Ailce,Central
ORD00474,PRD476,Smartwatch,740.9040564202164,14,0.15,CUST2447,2021-08-13 00:00:00,Diana,South
ORD00102,PRD653,Smartwatch,857.7283934090821,19,0.05,,2020-08-01 00:00:00,Charlie,South
ORD00058,PRD836,,-,6,0.1,CUST2276,2022-05-25 00:00:00,,Central
ORD00260,PRD788,Headphones,565.9237584867543,20,0.05,CUST8861,2022-03-26 00:00:00,Charlie,East
ORD00481,PRD142,"Laptop, Smartphone, Camera",670.2129165152777,13,0.2,CUST5635,2023-03-30 00:00:00,Diana,South
ORD00173,PRD294,Camera,1432.3225268661133,17,0.05,CUST2115,2023-05-20 00:00:00,Evan,North
ORD00072,PRD349,Laptpo,-,8,0.1,CUST4047,2020-07-04 00:00:00,Diana,South
ORD00343,PRD511,Headphones,1422.0682380674525,4,0.0,,2020-01-26 00:00:00,Diana,Central
ORD00170,PRD745,"Laptop, Laptop, Laptop",996.5069590986071,6,0.1,CUST1564,2021-02-14 00:00:00,,South
ORD00082,PRD922,"Smartwatch, Camera, Headphones",717.7419255536606,12,0.15,CUST9782,2020-10-08 00:00:00,Diana,Central
ORD00087,PRD193,Smartphone,-,1,0.1,CUST3269,2022-05-26 00:00:00,Alice,North
ORD00090,PRD996,Smartphone,161.8577997096817,-1,0.2,CUST7308,2023-07-23 00:00:00,Bob,East
ORD00242,PRD284,Laptop,294.0564024507966,13,0.2,CUST4942,2020-05-20 00:00:00,,North
ORD00494,PRD848,Headphones,Free,11,0.1,CUST5836,2022-10-30 00:00:00,Alice,North
ORD00044,PRD725,Laptop,55.61809741127527,4,0.0,CUST2396,2023-10-06 00:00:00,Diana,East
ORD00304,PRD345,Camera,63.18358367795045,13,0.2,CUST2469,2021-07-06 00:00:00,Charlie,West
ORD00050,PRD986,Camera,N/A,2,0.05,CUST6556,2020-07-30 00:00:00,Bob,East
ORD00265,PRD792,Headphones,619.2602121937027,6,0.2,CUST2454,2023-04-02 00:00:00,Diana,West
ORD00106!,PRD660,,480.1298143515237,13,0.2,,2022-07-20 00:00:00,Bob,West
ORD00452,PRD771,Headphones,1065.588178318556,6,0.05,,2022-06-08 00:00:00,Ailce,West
ORD00480,PRD136,Laptop,165.98127633909084,14,0.05,CUST8944,2022-09-06 00:00:00,Evan,Central
ORD00383,PRD233,"Smartwatch, Smartwatch, Camera, Headphones",1439.1061229482675,8,0.05,CUST2864,2020-01-18 00:00:00,Evan,Central
ORD00041,PRD462,"Smartwatch, Laptop",Ask,9,0.15,,2020-04-02 00:00:00,Evan,North
ORD00194,PRD146,Camera,566.7189645149558,14,0.0,CUST8787,2023-10-27 00:00:00,Evan,West
ORD00224,PRD844,Smartwatch,-,16,0.1,,2023-04-20 00:00:00,Evan,West
ORD00004,PRD530#,Headphones,237.37340124589062,14,0.0,CUST4031,2022-09-20 00:00:00,Bob,West
ORD00175,PRD116,Smartwatch,505.2183063412077,12,0.0,,2023-03-15 00:00:00,,North
ORD00094,PRD408,"Headphones, Laptop, Camera",107.05994546732819,1,0.05,CUST3300,2023-01-16 00:00:00,Charlie,West
ORD00424,PRD236,"Headphones, Smartphone",1362.6377134147467,15,0.0,CUST1528,2020-12-31 00:00:00,Alice,East
ORD00262,PRD885,"Smartphone, Smartwatch, Smartphone, Smartwatch",636.8314731090244,4,0.05,CUST3974,2021-05-24 00:00:00,Diana,East
ORD00433,PRD258,"Camera, Smartwatch, Laptop",-,16,0.15,CUST4483,2021-11-18 00:00:00,,Central
ORD00179,PRD822,"Laptop, Headphones, Smartphone, Camera",1069.957335867335,16,0.05,CUST7588,Unknown,Alice,South
ORD00484,PRD253,Headphones,1258.5892397775865,14,0.2,CUST7064,2021-06-12 00:00:00,Evan,West
ORD00187,PRD163,Smartphone,547.5897926933761,10,0.15,CUST7289,2022-01-14 00:00:00,Diana,East
ORD00017,PRD616,Camera,389.34242776114417,15,0.2,CUST6811,2022-07-16 00:00:00,Alice,South
ORD00206,PRD720,Headphones,1459.5352043417442,14,0.15,CUST1651,2022-09-13 00:00:00,Bob,North
ORD00158,PRD604,Smartphone,Check,14,0.15,CUST7977,2020-01-13 00:00:00,Bob,Central
ORD00055#,PRD661,Laptop,1330.1066683541965,1,0.05,CUST8884,2020-03-08 00:00:00,Bob,West
ORD00430,PRD455,"Smartphone, Smartwatch, Laptop",636.0947881384428,13,0.0,CUST7659,2023-12-04 00:00:00,Charlie,South
ORD00400,PRD295*,Camera,957.1816118505659,16,0.05,CUST1839,2021-06-08 00:00:00,Bob,Central
ORD00052,PRD366,Headphones,707.8710498633232,17,0.15,CUST6179,2020-04-01 00:00:00,Bob,Central
ORD00150,PRD320,Laptop,1159.308892111712,11,0.15,CUST2382,2022-06-04 00:00:00,Charlie,North
ORD00231,PRD735,Camera,1112.0305241228812,999,0.2,CUST6165,2022-01-19 00:00:00,Alice,North
ORD00084,PRD922,Headphones,168.1416437004459,5,0.1,CUST1132,2023-02-10 00:00:00,Charlie,East
ORD00352,PRD269,"Smartphone, Camera, Headphones",Free,18,0.05,CUST4393,2020-03-27 00:00:00,Diana,South
ORD00241,PRD546,Camera,1041.3058833334053,8,0.0,CUST5836,2021-10-28 00:00:00,Diana,South
ORD00455,PRD759,Smartphone,Ask,12,0.1,CUST8217,2021-01-11 00:00:00,Alice,Central
ORD00422,PRD982,Laptop,1420.6815834106112,13,0.15,CUST8644,2020-01-03 00:00:00,Alice,South
ORD00438,PRD141,Camera,117.73495195972164,3,0.2,CUST2488,2021-05-27 00:00:00,Bob,North
ORD00141,PRD500,Smartphone,852.0280166121727,-18,0.1,CUST7111,2022-11-30 00:00:00,Evan,Central
ORD00152,PRD703,,1173.4631528725415,4,0.05,CUST6169,2020-11-10 00:00:00,Alice,North
ORD00349,PRD778,"Headphones, Laptop",1197.6950448414345,2,0.0,CUST4613,2021-01-04 00:00:00,,East
ORD00068,PRD605,,free,16,0.0,CUST7867,2023-04-05 00:00:00,Diana,South
ORD00064,PRD784,Laptop,810.5461746553589,8,0.05,CUST7628,2023-01-18 00:00:00,Charlie,East
ORD00105,PRD717,"Laptop, Smartwatch, Smartphone, Headphones",341.7183159369865,5,0.1,CUST5869,2022-12-02 00:00:00,Diana,West
ORD00411,PRD587,Laptop,806.4544714707357,-999,0.0,CUST7813,2022-11-16 00:00:00,Charlie,North
ORD00401,PRD221,"Smartwatch, Headphones, Laptop",614.4297537266742,8,0.15,CUST6641,2020-09-20 00:00:00,Alice,East
ORD00217,PRD122,Smartwach,Ask,5,0.0,CUST6640,2023-09-16 00:00:00,Alice,South
ORD00049,PRD553,"Smartphone, Smartwatch, Laptop, Smartwatch",1457.4799003640187,16,0.15,CUST2007,2020-02-29 00:00:00,Evan,South
ORD00468,PRD241,Smartphone,711.993847309011,3,0.15,CUST6391,2023-11-05 00:00:00,Alice,West
ORD00344,PRD992,Camera,829.9121608177916,10,0.05,CUST8860,2020-04-19 00:00:00,Evan,West
ORD00365,PRD139,Headphones,1414.9682591099222,-4,0.15,CUST6187,2022-02-09 00:00:00,Diana,South
ORD00232,PRD203,Smartwatch,264.8434353283699,6,0.2,CUST6370,2023-12-19 00:00:00,Bob,East
ORD00353,PRD556,Laptop,1008.6350665764273,7,0.05,CUST1055,2022-07-13 00:00:00,Evan,South
ORD00454,PRD829,Camera,425.9059373310372,-6,0.15,CUST4237,2022-11-20 00:00:00,Diana,East
ORD00192#,PRD814,Smartphone,1023.7980264081186,14,0.2,CUST5092,2023-09-22 00:00:00,Charlie,Central
ORD00476,PRD195,,837.9920510165689,18,0.1,,2020-09-18 00:00:00,Evan,South
ORD00256,PRD958,Laptop,179.94801230452572,17,0.05,CUST3834,2021-05-15 00:00:00,Diana,South
ORD00406!,PRD409,Headphones,233.87955031098537,12,0.2,CUST3489,2022-11-07 00:00:00,Charlie,Central
ORD00326,PRD708,Smartwatch,845.8720285990315,12,0.2,CUST4703,2022-09-25 00:00:00,Bob,South
ORD00276,PRD279,"Laptop, Headphones, Camera",635.4792729210393,12,0.05,CUST6166,2022-01-29 00:00:00,,East
ORD00367,PRD433,Smartphone,964.8166001885094,8,0.15,CUST4791,2020-02-14 00:00:00,Diana,Central
ORD00379,PRD748,Smartphone,701.998403686702,3,0.2,CUST7430,2021-08-16 00:00:00,Diana,South
